{
  "info": {
    "name": "Recicla Pontos API",
    "_postman_id": "recicla-pontos-collection-id",
    "description": "Testes da API de usu\u00e1rios e descartes para o projeto Recicla Pontos",
    "schema": "https://schema.getpostman.com/json/collection/v2.1.0/collection.json"
  },
  "item": [
    {
      "name": "Cadastrar usu\u00e1rio",
      "request": {
        "method": "POST",
        "header": [
          {
            "key": "Content-Type",
            "value": "application/json"
          }
        ],
        "body": {
          "mode": "raw",
          "raw": "{\n  \"nome\": \"Jo\\u00e3o Silva\",\n  \"cpf\": \"12345678901\"\n}"
        },
        "url": {
          "raw": "http://localhost:3000/usuarios",
          "host": [
            "localhost"
          ],
          "port": "3000",
          "path": [
            "usuarios"
          ]
        }
      }
    },
    {
      "name": "Listar todos os usu\u00e1rios",
      "request": {
        "method": "GET",
        "url": {
          "raw": "http://localhost:3000/usuarios",
          "host": [
            "localhost"
          ],
          "port": "3000",
          "path": [
            "usuarios"
          ]
        }
      }
    },
    {
      "name": "Buscar usu\u00e1rio por CPF",
      "request": {
        "method": "GET",
        "url": {
          "raw": "http://localhost:3000/usuarios/12345678901",
          "host": [
            "localhost"
          ],
          "port": "3000",
          "path": [
            "usuarios",
            "12345678901"
          ]
        }
      }
    },
    {
      "name": "Atualizar nome do usu\u00e1rio",
      "request": {
        "method": "PUT",
        "header": [
          {
            "key": "Content-Type",
            "value": "application/json"
          }
        ],
        "body": {
          "mode": "raw",
          "raw": "{\n  \"nome\": \"Jo\\u00e3o Atualizado\"\n}"
        },
        "url": {
          "raw": "http://localhost:3000/usuarios/12345678901",
          "host": [
            "localhost"
          ],
          "port": "3000",
          "path": [
            "usuarios",
            "12345678901"
          ]
        }
      }
    },
    {
      "name": "Adicionar pontos (descarte)",
      "request": {
        "method": "POST",
        "header": [
          {
            "key": "Content-Type",
            "value": "application/json"
          }
        ],
        "body": {
          "mode": "raw",
          "raw": "{\n  \"tipoLixo\": \"pilha\",\n  \"quantidade\": 2\n}"
        },
        "url": {
          "raw": "http://localhost:3000/descartes/12345678901",
          "host": [
            "localhost"
          ],
          "port": "3000",
          "path": [
            "descartes",
            "12345678901"
          ]
        }
      }
    },
    {
      "name": "Listar descartes do usu\u00e1rio",
      "request": {
        "method": "GET",
        "url": {
          "raw": "http://localhost:3000/descartes/12345678901",
          "host": [
            "localhost"
          ],
          "port": "3000",
          "path": [
            "descartes",
            "12345678901"
          ]
        }
      }
    },
    {
      "name": "Atualizar descarte (\u00edndice 0)",
      "request": {
        "method": "PUT",
        "header": [
          {
            "key": "Content-Type",
            "value": "application/json"
          }
        ],
        "body": {
          "mode": "raw",
          "raw": "{\n  \"tipoLixo\": \"vidro\",\n  \"quantidade\": 1\n}"
        },
        "url": {
          "raw": "http://localhost:3000/descartes/12345678901/0",
          "host": [
            "localhost"
          ],
          "port": "3000",
          "path": [
            "descartes",
            "12345678901",
            "0"
          ]
        }
      }
    },
    {
      "name": "Deletar descarte (\u00edndice 0)",
      "request": {
        "method": "DELETE",
        "url": {
          "raw": "http://localhost:3000/descartes/12345678901/0",
          "host": [
            "localhost"
          ],
          "port": "3000",
          "path": [
            "descartes",
            "12345678901",
            "0"
          ]
        }
      }
    },
    {
      "name": "Resgatar pontos",
      "request": {
        "method": "POST",
        "header": [
          {
            "key": "Content-Type",
            "value": "application/json"
          }
        ],
        "body": {
          "mode": "raw",
          "raw": "{\n  \"pontosParaTrocar\": 30\n}"
        },
        "url": {
          "raw": "http://localhost:3000/usuarios/12345678901/resgatar",
          "host": [
            "localhost"
          ],
          "port": "3000",
          "path": [
            "usuarios",
            "12345678901",
            "resgatar"
          ]
        }
      }
    },
    {
      "name": "Excluir usu\u00e1rio",
      "request": {
        "method": "DELETE",
        "url": {
          "raw": "http://localhost:3000/usuarios/12345678901",
          "host": [
            "localhost"
          ],
          "port": "3000",
          "path": [
            "usuarios",
            "12345678901"
          ]
        }
      }
    }
  ]
}